{
    "utterances": [
        {
            "text": "fire",
            "entities": [
                {
                    "entity": "spell:spell",
                    "start": 0,
                    "end": 4,
                    "body": "fire",
                    "entities": []
                }
            ],
            "traits": []
        },
        {
            "text": "grab",
            "entities": [
                {
                    "entity": "spell:spell",
                    "start": 0,
                    "end": 4,
                    "body": "grab",
                    "entities": []
                }
            ],
            "traits": []
        },
        {
            "text": "ice",
            "entities": [
                {
                    "entity": "spell:spell",
                    "start": 0,
                    "end": 3,
                    "body": "ice",
                    "entities": []
                }
            ],
            "traits": []
        }
    ]
}
